{"products":[{"id":"0.9557340722536398","quantity":2}],"totalPrice":59.980000000000004}